<?xml version="1.0" encoding="UTF-8"?>
<project-private xmlns="http://www.netbeans.org/ns/project-private/1">
    <editor-bookmarks xmlns="http://www.netbeans.org/ns/editor-bookmarks/2" lastBookmarkId="0"/>
    <open-files xmlns="http://www.netbeans.org/ns/projectui-open-files/2">
        <group>
            <file>file:/C:/Users/stJo88Ca5517/Documents/NetBeansProjects/Homework3Problem2/src/homework3problem2/loginHW3.java</file>
            <file>file:/C:/Users/stJo88Ca5517/Documents/NetBeansProjects/Homework3Problem2/src/homework3problem2/mainHW3.java</file>
            <file>file:/C:/Users/stJo88Ca5517/Documents/NetBeansProjects/Homework3Problem2/src/homework3problem2/coursesHW3.java</file>
            <file>file:/C:/Users/stJo88Ca5517/Documents/NetBeansProjects/Homework3Problem2/src/homework3problem2/threeCreditsHW3.java</file>
            <file>file:/C:/Users/stJo88Ca5517/Documents/NetBeansProjects/Homework3Problem2/src/homework3problem2/Homework3Problem2.java</file>
        </group>
    </open-files>
</project-private>
