<?xml version="1.0" encoding="UTF-8"?>
<project-private xmlns="http://www.netbeans.org/ns/project-private/1">
    <editor-bookmarks xmlns="http://www.netbeans.org/ns/editor-bookmarks/2" lastBookmarkId="0"/>
    <open-files xmlns="http://www.netbeans.org/ns/projectui-open-files/2">
        <group>
            <file>file:/C:/Users/stJo88Ca5517/Documents/NetBeansProjects/database/src/database/updateDialog.java</file>
            <file>file:/C:/Users/stJo88Ca5517/Documents/NetBeansProjects/database/src/database/Database.java</file>
            <file>file:/C:/Users/stJo88Ca5517/Documents/NetBeansProjects/database/src/database/mainDialog.java</file>
            <file>file:/C:/Users/stJo88Ca5517/Documents/NetBeansProjects/database/src/database/deleteDialog.java</file>
            <file>file:/C:/Users/stJo88Ca5517/Documents/NetBeansProjects/database/src/database/addDialog.java</file>
            <file>file:/C:/Users/stJo88Ca5517/Documents/NetBeansProjects/database/src/database/loginDialog.java</file>
        </group>
    </open-files>
</project-private>
